EventId;Title;Description;Choice1Label;Choice1Effects;Choice2Label;Choice2Effects;RequiresFlag;ExcludesFlag;Choice1SetFlag;Choice2SetFlag;RequiresCounters;Repeatable;Choice1ClearFlag;Choice2ClearFlag;Choice1Counters;Choice2Counters;Weight;RequiresFact;Choice1SetFact;Choice2SetFact;Choice2ClearFact
sponsorship_offer;Local Business Sponsorship;A local business offers to sponsor your boots for the season.;Accept the sponsorship;"Finances:+10;Relationships:+2";Turn it down;"Discipline:+1;Confidence:-1";;;has_sponsor;turned_down_sponsor;;0;;;;;3;;sponsor=@names:sponsor;;
sponsor_photo_shoot;{sponsor} Photo Shoot;{sponsor} wants you for a promo photo shoot, and the only slot clashes with training.;Do the shoot;"Finances:+5;Discipline:-1";Skip it and train instead;"Discipline:+1;Finances:-2";;;;;;0;;;SponsorTrust:+1;SponsorTrust:-1;5;sponsor;;;
sponsor_renewal;{sponsor} Offers a Bigger Deal;Your relationship with {sponsor} is strong, and they want to talk about an upgraded deal.;Sign the upgraded deal;"Finances:+10;Confidence:+2";Stay on your current terms;"Relationships:+1;Discipline:+1";;sponsor_upgraded;sponsor_upgraded;;SponsorTrust>=1;0;;;;;5;sponsor;;;
sponsor_review;{sponsor} Reviews Your Deal;{sponsor} hasn't seen the commitment they were hoping for, and they want a conversation.;Apologise and recommit;"Discipline:+2;Stress:+2";Let the deal lapse;"Finances:-5;Stress:-2";;;;lost_sponsor;SponsorTrust<=-1;season;;;SponsorTrust:+2;;5;sponsor;;former_sponsor={sponsor};sponsor
media_request;Local Paper Wants a Chat;A journalist from the local paper wants a quick interview about your season so far.;Do the interview;"Confidence:+3;Stress:+2";Politely decline;"Discipline:+1;Relationships:-1";;;;;;;;;;;;;;;
media_criticism;Radio Pundit Criticism;A local radio caller says you've been overrated this season.;Use it as motivation;"Motivation:+4;Stress:+2";Let it get in your head;"Confidence:-3;Stress:+3";;;used_criticism_as_fuel;rattled_by_media;;season;;;MediaHeat:+1;MediaHeat:+1;2;;;;
media_followup;The Criticism Keeps Coming;That pundit has doubled down on you, and some people around the club are starting to mention it.;Answer it with your football;"Motivation:+3;Stress:+2";Block it out;"Stress:-1;Confidence:-1";rattled_by_media;;answered_the_critics;;;season;rattled_by_media;rattled_by_media;;;6;;;;
media_redemption;The Pundit Changes Their Tune;After your recent form, the same pundit who criticised you is now praising you on air.;Take it graciously;"Confidence:+4;Relationships:+1";Quietly enjoy the moment;"Confidence:+3;Discipline:+1";answered_the_critics;won_over_media;won_over_media;won_over_media;;0;;;MediaHeat:-1;;6;;;;
hometown_feature;Hometown News Feature;The local paper wants to run a feel-good story about you representing your suburb.;Lean into the attention;"Confidence:+3;Relationships:+2";Keep a low profile;"Discipline:+1;Stress:-1";;;;;;;;;;;;;;;
