"FirstName,LastName"
"Jack,Thompson"
"Liam,Walsh"
"Noah,Fletcher"
"Oliver,Hayes"
"Ethan,Brennan"
"Cooper,Doyle"
"Lachlan,Reid"
"Mitchell,Carter"
"Harrison,Wood"
"Riley,Sheahan"
"Tyler,Naismith"
"Connor,Bourke"
"Zac,Hartley"
"Jai,Sutcliffe"
"Bailey,McArdle"
"Flynn,Osborne"
"Angus,Kennedy"
"Toby,Fairweather"
"Nate,Gallagher"
"Ryder,Coates"
"Hayden,Delaney"
"Jesse,Mansfield"
"Kai,Whitfield"
"Aidan,Prentice"
"Blake,Sorensen"
"Cody,Ashworth"
"Dylan,McNamara"
"Levi,Trevorrow"
"Xavier,Comerford"
"Reuben,Litherland"
"Archer,Blackwood"
"Beau,Carmichael"
"Cruz,Donovan"
"Darcy,Ellison"
"Elliot,Farrelly"
"Finn,Gilmore"
"Gus,Harrington"
"Hugo,Ingram"
"Isaac,Jarrett"
"Jasper,Kavanagh"
"Kobe,Lockhart"
"Lewis,Mercer"
"Max,Newell"
"Nash,OBrien"
"Ollie,Pemberton"
"Parker,Quinlan"
"Quinn,Ramsay"
"Rhys,Stanton"
"Sam,Turnbull"
"Theo,Underwood"
"Vincent,Vickers"
"Will,Weatherall"
"Zane,Ashby"
"Ben,Bevan"
"Cameron,Cotter"
"Declan,Draper"
"Eli,Everingham"
"Felix,Forsythe"
"Gabriel,Grattan"
"Hunter,Hollingworth"
"Ivan,Ibbotson"
"Jayden,Jephcott"
"Kane,Kilpatrick"
"Luca,Larsen"
"Marcus,Mulligan"
"Nixon,Norwood"
"Owen,OHalloran"
"Patrick,Pettigrew"
"Ryan,Redmond"
"Sebastian,Stapleton"
"Thomas,Torrens"
"Wyatt,"
